date_reported,time_reported,location,incident_type,offense,disposition,hour,date,month,day_of_week,year,category,lat,lon,zone,match_confidence,severity
01/01/2025,20:48:27,"PARKING LOT A1, COLUMBIA MO, 65201",PROPERTY DAMAGE,PROPERTY DAMAGE,CLOSED,20,2025-01-01,1,2,2025,vandalism,38.945,-92.324,campus_north,100,1
01/03/2025,18:34:15,"3315 BERRYWOOD DR, COLUMBIA MO, 65201",VANDALISM,VANDALISM,ACTIVE,18,2025-01-03,1,4,2025,vandalism,38.929,-92.318,off_campus,100,1
01/04/2026,20:11:35,"MIZZOU ARENA, COLUMBIA MO, 65201",ASSAULT-SIMPLE,ASSAULT-SIMPLE,ACTIVE,20,2026-01-04,1,6,2026,assault,38.9356,-92.3332,campus_south,100,5
01/05/2025,22:10:57,"MEMORIAL UNION, COLUMBIA MO, 65201",BURGLARY,BURGLARY,CLOSED,22,2025-01-05,1,6,2025,burglary,38.9404,-92.3277,campus_center,100,4
01/05/2026,05:55:58,"JESSE HALL, COLUMBIA MO, 65201",LARCENY - OTHER,LARCENY - OTHER,CLOSED,5,2026-01-05,1,0,2026,theft,38.9441,-92.3269,campus_center,100,2
01/07/2025,07:39:48,"820 CONLEY AVE, COLUMBIA MO, 65201",BURGLARY,BURGLARY,EXCEPTIONALLY CLEARED,7,2025-01-07,1,1,2025,burglary,38.938,-92.325,campus_south,100,4
01/09/2026,23:37:02,"812 N KEENE ST, COLUMBIA MO, 65201",DRUG - PARAPHERNALIA / EQUIPMENT,DRUG - PARAPHERNALIA / EQUIPMENT,ACTIVE,23,2026-01-09,1,4,2026,drug,38.952,-92.329,off_campus,100,2
01/10/2026,02:32:48,"JESSE HALL, COLUMBIA MO, 65201",CRASH INVESTIGATION,CRASH INVESTIGATION,ACTIVE,2,2026-01-10,1,5,2026,vehicle,38.9441,-92.3269,campus_center,100,4
01/11/2025,18:18:19,"MIZZOU ARENA, COLUMBIA MO, 65201",BURGLARY,BURGLARY,ACTIVE,18,2025-01-11,1,5,2025,burglary,38.9356,-92.3332,campus_south,100,4
01/12/2026,17:25:45,"PARKING LOT C2, COLUMBIA MO, 65201",MOTOR VEHICLE THEFT,MOTOR VEHICLE THEFT,EXCEPTIONALLY CLEARED,17,2026-01-12,1,0,2026,theft,38.938,-92.335,campus_south,100,2
01/13/2025,23:59:48,"820 CONLEY AVE, COLUMBIA MO, 65201",VANDALISM,VANDALISM,CLOSED,23,2025-01-13,1,0,2025,vandalism,38.938,-92.325,campus_south,100,1
01/14/2025,16:56:54,"STUDENT CENTER, COLUMBIA MO, 65201",ASSAULT-SIMPLE,ASSAULT-SIMPLE,CLOSED,16,2025-01-14,1,1,2025,assault,38.9423,-92.3268,campus_center,100,5
01/15/2025,18:54:39,"TIGER PLAZA, COLUMBIA MO, 65201",PROPERTY DAMAGE,PROPERTY DAMAGE,ACTIVE,18,2025-01-15,1,2,2025,vandalism,38.943,-92.3275,campus_center,100,1
01/18/2026,21:11:38,"PARKING LOT C2, COLUMBIA MO, 65201",LARCENY - OTHER,LARCENY - OTHER,CLOSED,21,2026-01-18,1,6,2026,theft,38.938,-92.335,campus_south,100,2
01/19/2025,08:22:21,"TRULASKE BUSINESS, COLUMBIA MO, 65201",ASSAULT-SIMPLE,ASSAULT-SIMPLE,EXCEPTIONALLY CLEARED,8,2025-01-19,1,6,2025,assault,38.9398,-92.3271,campus_center,100,5
01/25/2025,20:24:02,"JESSE HALL, COLUMBIA MO, 65201",ASSAULT-SIMPLE,ASSAULT-SIMPLE,ACTIVE,20,2025-01-25,1,5,2025,assault,38.9441,-92.3269,campus_center,100,5
01/29/2025,10:09:29,"GREEK TOWN, COLUMBIA MO, 65201",HARASSMENT,HARASSMENT,CLEARED BY ARREST,10,2025-01-29,1,2,2025,harassment,38.9395,-92.332,campus_south,100,3
01/29/2026,15:58:18,"3315 BERRYWOOD DR, COLUMBIA MO, 65201",LARCENY - THEFT FROM BUILDING,LARCENY - THEFT FROM BUILDING,EXCEPTIONALLY CLEARED,15,2026-01-29,1,3,2026,theft,38.929,-92.318,off_campus,100,2
01/31/2025,12:33:56,"ELLIS LIBRARY, COLUMBIA MO, 65201",MOTOR VEHICLE THEFT,MOTOR VEHICLE THEFT,ACTIVE,12,2025-01-31,1,4,2025,theft,38.9445,-92.3263,campus_north,100,2
02/01/2024,23:12:03,"TRULASKE BUSINESS, COLUMBIA MO, 65201",LARCENY - THEFT FROM BUILDING,LARCENY - THEFT FROM BUILDING,EXCEPTIONALLY CLEARED,23,2024-02-01,2,3,2024,theft,38.9398,-92.3271,campus_center,100,2
02/04/2024,09:28:44,"812 N KEENE ST, COLUMBIA MO, 65201",LARCENY - OTHER,LARCENY - OTHER,CLEARED BY ARREST,9,2024-02-04,2,6,2024,theft,38.952,-92.329,off_campus,100,2
02/04/2025,18:29:18,"FAUROT FIELD, COLUMBIA MO, 65201",LARCENY - THEFT FROM BUILDING,LARCENY - THEFT FROM BUILDING,EXCEPTIONALLY CLEARED,18,2025-02-04,2,1,2025,theft,38.9355,-92.3306,campus_south,100,2
02/08/2024,21:51:14,"GREEK TOWN, COLUMBIA MO, 65201",HARASSMENT,HARASSMENT,CLOSED,21,2024-02-08,2,3,2024,harassment,38.9395,-92.332,campus_south,100,3
02/09/2024,21:43:16,"MEMORIAL UNION, COLUMBIA MO, 65201",CRASH INVESTIGATION,CRASH INVESTIGATION,CLOSED,21,2024-02-09,2,4,2024,vehicle,38.9404,-92.3277,campus_center,100,4
02/09/2024,14:18:47,"MIZZOU ARENA, COLUMBIA MO, 65201",ASSAULT-SIMPLE,ASSAULT-SIMPLE,EXCEPTIONALLY CLEARED,14,2024-02-09,2,4,2024,assault,38.9356,-92.3332,campus_south,100,5
02/11/2024,23:33:24,"MIZZOU ARENA, COLUMBIA MO, 65201",BURGLARY,BURGLARY,EXCEPTIONALLY CLEARED,23,2024-02-11,2,6,2024,burglary,38.9356,-92.3332,campus_south,100,4
02/13/2024,20:19:00,"ELLIS LIBRARY, COLUMBIA MO, 65201",DRUG - PARAPHERNALIA / EQUIPMENT,DRUG - PARAPHERNALIA / EQUIPMENT,ACTIVE,20,2024-02-13,2,1,2024,drug,38.9445,-92.3263,campus_north,100,2
02/13/2025,20:03:24,"JESSE HALL, COLUMBIA MO, 65201",MOTOR VEHICLE THEFT,MOTOR VEHICLE THEFT,EXCEPTIONALLY CLEARED,20,2025-02-13,2,3,2025,theft,38.9441,-92.3269,campus_center,100,2
02/17/2024,16:37:57,"REC CENTER, COLUMBIA MO, 65201",BURGLARY,BURGLARY,CLOSED,16,2024-02-17,2,5,2024,burglary,38.9389,-92.3301,campus_south,100,4
02/18/2025,18:57:46,"812 N KEENE ST, COLUMBIA MO, 65201",DRUG - PARAPHERNALIA / EQUIPMENT,DRUG - PARAPHERNALIA / EQUIPMENT,CLEARED BY ARREST,18,2025-02-18,2,1,2025,drug,38.952,-92.329,off_campus,100,2
02/20/2024,20:45:15,"HITT STREET, COLUMBIA MO, 65201",ASSAULT-SIMPLE,ASSAULT-SIMPLE,EXCEPTIONALLY CLEARED,20,2024-02-20,2,1,2024,assault,38.9415,-92.328,campus_center,100,5
02/20/2025,11:20:32,"PARKING LOT A1, COLUMBIA MO, 65201",MOTOR VEHICLE THEFT,MOTOR VEHICLE THEFT,ACTIVE,11,2025-02-20,2,3,2025,theft,38.945,-92.324,campus_north,100,2
02/20/2025,15:54:11,"812 N KEENE ST, COLUMBIA MO, 65201",PROPERTY DAMAGE,PROPERTY DAMAGE,ACTIVE,15,2025-02-20,2,3,2025,vandalism,38.952,-92.329,off_campus,100,1
02/21/2025,22:43:52,"1 HOSPITAL DR, COLUMBIA MO, 65201",HARASSMENT,HARASSMENT,EXCEPTIONALLY CLEARED,22,2025-02-21,2,4,2025,harassment,38.9403,-92.3245,campus_north,100,3
02/23/2025,21:48:02,"JESSE HALL, COLUMBIA MO, 65201",HARASSMENT,HARASSMENT,EXCEPTIONALLY CLEARED,21,2025-02-23,2,6,2025,harassment,38.9441,-92.3269,campus_center,100,3
02/24/2025,12:03:53,"PARKING LOT A1, COLUMBIA MO, 65201",LARCENY - OTHER,LARCENY - OTHER,CLOSED,12,2025-02-24,2,0,2025,theft,38.945,-92.324,campus_north,100,2
02/25/2025,21:41:51,"MIZZOU ARENA, COLUMBIA MO, 65201",LARCENY - THEFT FROM BUILDING,LARCENY - THEFT FROM BUILDING,CLOSED,21,2025-02-25,2,1,2025,theft,38.9356,-92.3332,campus_south,100,2
02/27/2024,23:05:26,"1199 E STADIUM BLVD, COLUMBIA MO, 65201",HARASSMENT,HARASSMENT,EXCEPTIONALLY CLEARED,23,2024-02-27,2,1,2024,harassment,38.9355,-92.3306,campus_south,100,3
02/27/2025,21:25:41,"MEMORIAL UNION, COLUMBIA MO, 65201",ASSAULT-SIMPLE,ASSAULT-SIMPLE,ACTIVE,21,2025-02-27,2,3,2025,assault,38.9404,-92.3277,campus_center,100,5
02/28/2024,16:23:01,"GREEK TOWN, COLUMBIA MO, 65201",MOTOR VEHICLE THEFT,MOTOR VEHICLE THEFT,CLEARED BY ARREST,16,2024-02-28,2,2,2024,theft,38.9395,-92.332,campus_south,100,2
02/29/2024,16:39:10,"TRULASKE BUSINESS, COLUMBIA MO, 65201",PROPERTY DAMAGE,PROPERTY DAMAGE,CLEARED BY ARREST,16,2024-02-29,2,3,2024,vandalism,38.9398,-92.3271,campus_center,100,1
02/29/2024,07:18:07,"MIZZOU ARENA, COLUMBIA MO, 65201",LARCENY - THEFT FROM BUILDING,LARCENY - THEFT FROM BUILDING,ACTIVE,7,2024-02-29,2,3,2024,theft,38.9356,-92.3332,campus_south,100,2
03/02/2025,15:58:20,"TIGER PLAZA, COLUMBIA MO, 65201",PROPERTY DAMAGE,PROPERTY DAMAGE,ACTIVE,15,2025-03-02,3,6,2025,vandalism,38.943,-92.3275,campus_center,100,1
03/03/2024,17:48:44,"FAUROT FIELD, COLUMBIA MO, 65201",HARASSMENT,HARASSMENT,CLOSED,17,2024-03-03,3,6,2024,harassment,38.9355,-92.3306,campus_south,100,3
03/05/2024,15:07:38,"1199 E STADIUM BLVD, COLUMBIA MO, 65201",MOTOR VEHICLE THEFT,MOTOR VEHICLE THEFT,CLOSED,15,2024-03-05,3,1,2024,theft,38.9355,-92.3306,campus_south,100,2
03/06/2024,15:25:07,"REC CENTER, COLUMBIA MO, 65201",MOTOR VEHICLE THEFT,MOTOR VEHICLE THEFT,CLOSED,15,2024-03-06,3,2,2024,theft,38.9389,-92.3301,campus_south,100,2
03/06/2024,23:35:49,"3315 BERRYWOOD DR, COLUMBIA MO, 65201",HARASSMENT,HARASSMENT,CLOSED,23,2024-03-06,3,2,2024,harassment,38.929,-92.318,off_campus,100,3
03/07/2025,09:46:22,"GREEK TOWN, COLUMBIA MO, 65201",DRUG - PARAPHERNALIA / EQUIPMENT,DRUG - PARAPHERNALIA / EQUIPMENT,CLOSED,9,2025-03-07,3,4,2025,drug,38.9395,-92.332,campus_south,100,2
03/08/2024,23:48:45,"1 HOSPITAL DR, COLUMBIA MO, 65201",DRUG - PARAPHERNALIA / EQUIPMENT,DRUG - PARAPHERNALIA / EQUIPMENT,EXCEPTIONALLY CLEARED,23,2024-03-08,3,4,2024,drug,38.9403,-92.3245,campus_north,100,2
03/08/2025,18:38:16,"1 HOSPITAL DR, COLUMBIA MO, 65201",HARASSMENT,HARASSMENT,EXCEPTIONALLY CLEARED,18,2025-03-08,3,5,2025,harassment,38.9403,-92.3245,campus_north,100,3
03/09/2024,23:50:53,"1199 E STADIUM BLVD, COLUMBIA MO, 65201",HARASSMENT,HARASSMENT,ACTIVE,23,2024-03-09,3,5,2024,harassment,38.9355,-92.3306,campus_south,100,3
03/10/2024,00:28:48,"PARKING LOT A1, COLUMBIA MO, 65201",DRUG - PARAPHERNALIA / EQUIPMENT,DRUG - PARAPHERNALIA / EQUIPMENT,ACTIVE,0,2024-03-10,3,6,2024,drug,38.945,-92.324,campus_north,100,2
03/10/2024,08:41:57,"GREEK TOWN, COLUMBIA MO, 65201",BURGLARY,BURGLARY,CLEARED BY ARREST,8,2024-03-10,3,6,2024,burglary,38.9395,-92.332,campus_south,100,4
03/11/2024,20:26:12,"1133 ASHLAND RD, COLUMBIA MO, 65201",LARCENY - THEFT FROM BUILDING,LARCENY - THEFT FROM BUILDING,EXCEPTIONALLY CLEARED,20,2024-03-11,3,0,2024,theft,38.951,-92.321,off_campus,100,2
03/13/2025,20:36:34,"1 HOSPITAL DR, COLUMBIA MO, 65201",HARASSMENT,HARASSMENT,ACTIVE,20,2025-03-13,3,3,2025,harassment,38.9403,-92.3245,campus_north,100,3
03/14/2025,23:57:06,"3315 BERRYWOOD DR, COLUMBIA MO, 65201",VANDALISM,VANDALISM,ACTIVE,23,2025-03-14,3,4,2025,vandalism,38.929,-92.318,off_campus,100,1
03/14/2025,20:07:57,"STUDENT CENTER, COLUMBIA MO, 65201",PROPERTY DAMAGE,PROPERTY DAMAGE,CLOSED,20,2025-03-14,3,4,2025,vandalism,38.9423,-92.3268,campus_center,100,1
03/17/2024,16:13:25,"HITT STREET, COLUMBIA MO, 65201",VANDALISM,VANDALISM,ACTIVE,16,2024-03-17,3,6,2024,vandalism,38.9415,-92.328,campus_center,100,1
03/17/2025,21:03:21,"REC CENTER, COLUMBIA MO, 65201",LARCENY - OTHER,LARCENY - OTHER,ACTIVE,21,2025-03-17,3,0,2025,theft,38.9389,-92.3301,campus_south,100,2
03/18/2025,20:29:36,"3315 BERRYWOOD DR, COLUMBIA MO, 65201",CRASH INVESTIGATION,CRASH INVESTIGATION,EXCEPTIONALLY CLEARED,20,2025-03-18,3,1,2025,vehicle,38.929,-92.318,off_campus,100,4
03/20/2024,11:19:40,"MIZZOU ARENA, COLUMBIA MO, 65201",LARCENY - THEFT FROM BUILDING,LARCENY - THEFT FROM BUILDING,CLOSED,11,2024-03-20,3,2,2024,theft,38.9356,-92.3332,campus_south,100,2
03/21/2025,18:43:53,"REC CENTER, COLUMBIA MO, 65201",BURGLARY,BURGLARY,CLOSED,18,2025-03-21,3,4,2025,burglary,38.9389,-92.3301,campus_south,100,4
03/21/2025,22:34:06,"TIGER PLAZA, COLUMBIA MO, 65201",MOTOR VEHICLE THEFT,MOTOR VEHICLE THEFT,ACTIVE,22,2025-03-21,3,4,2025,theft,38.943,-92.3275,campus_center,100,2
03/22/2024,21:39:40,"ENGINEERING BUILDING, COLUMBIA MO, 65201",CRASH INVESTIGATION,CRASH INVESTIGATION,CLEARED BY ARREST,21,2024-03-22,3,4,2024,vehicle,38.9438,-92.3256,campus_north,100,4
03/24/2024,13:43:04,"3315 BERRYWOOD DR, COLUMBIA MO, 65201",BURGLARY,BURGLARY,CLOSED,13,2024-03-24,3,6,2024,burglary,38.929,-92.318,off_campus,100,4
03/24/2025,13:06:03,"JESSE HALL, COLUMBIA MO, 65201",MOTOR VEHICLE THEFT,MOTOR VEHICLE THEFT,ACTIVE,13,2025-03-24,3,0,2025,theft,38.9441,-92.3269,campus_center,100,2
03/25/2024,21:23:51,"STUDENT CENTER, COLUMBIA MO, 65201",LARCENY - THEFT FROM BUILDING,LARCENY - THEFT FROM BUILDING,EXCEPTIONALLY CLEARED,21,2024-03-25,3,0,2024,theft,38.9423,-92.3268,campus_center,100,2
03/28/2025,20:34:47,"1 HOSPITAL DR, COLUMBIA MO, 65201",VANDALISM,VANDALISM,ACTIVE,20,2025-03-28,3,4,2025,vandalism,38.9403,-92.3245,campus_north,100,1
03/29/2024,06:36:25,"ELLIS LIBRARY, COLUMBIA MO, 65201",DRUG - PARAPHERNALIA / EQUIPMENT,DRUG - PARAPHERNALIA / EQUIPMENT,EXCEPTIONALLY CLEARED,6,2024-03-29,3,4,2024,drug,38.9445,-92.3263,campus_north,100,2
04/01/2024,20:41:24,"1 HOSPITAL DR, COLUMBIA MO, 65201",BURGLARY,BURGLARY,CLEARED BY ARREST,20,2024-04-01,4,0,2024,burglary,38.9403,-92.3245,campus_north,100,4
04/01/2024,13:59:05,"GREEK TOWN, COLUMBIA MO, 65201",BURGLARY,BURGLARY,EXCEPTIONALLY CLEARED,13,2024-04-01,4,0,2024,burglary,38.9395,-92.332,campus_south,100,4
04/05/2024,18:46:48,"TRULASKE BUSINESS, COLUMBIA MO, 65201",DRUG - PARAPHERNALIA / EQUIPMENT,DRUG - PARAPHERNALIA / EQUIPMENT,ACTIVE,18,2024-04-05,4,4,2024,drug,38.9398,-92.3271,campus_center,100,2
04/05/2024,01:08:23,"PARKING LOT A1, COLUMBIA MO, 65201",LARCENY - THEFT FROM BUILDING,LARCENY - THEFT FROM BUILDING,EXCEPTIONALLY CLEARED,1,2024-04-05,4,4,2024,theft,38.945,-92.324,campus_north,100,2
04/11/2025,21:25:40,"MIZZOU ARENA, COLUMBIA MO, 65201",ASSAULT-SIMPLE,ASSAULT-SIMPLE,ACTIVE,21,2025-04-11,4,4,2025,assault,38.9356,-92.3332,campus_south,100,5
04/15/2024,12:37:59,"1133 ASHLAND RD, COLUMBIA MO, 65201",LARCENY - OTHER,LARCENY - OTHER,CLOSED,12,2024-04-15,4,0,2024,theft,38.951,-92.321,off_campus,100,2
04/15/2024,22:35:24,"3315 BERRYWOOD DR, COLUMBIA MO, 65201",DRUG - PARAPHERNALIA / EQUIPMENT,DRUG - PARAPHERNALIA / EQUIPMENT,CLOSED,22,2024-04-15,4,0,2024,drug,38.929,-92.318,off_campus,100,2
04/15/2025,17:20:46,"MIZZOU ARENA, COLUMBIA MO, 65201",DRUG - PARAPHERNALIA / EQUIPMENT,DRUG - PARAPHERNALIA / EQUIPMENT,CLOSED,17,2025-04-15,4,1,2025,drug,38.9356,-92.3332,campus_south,100,2
04/16/2025,18:40:48,"1 HOSPITAL DR, COLUMBIA MO, 65201",LARCENY - THEFT FROM BUILDING,LARCENY - THEFT FROM BUILDING,EXCEPTIONALLY CLEARED,18,2025-04-16,4,2,2025,theft,38.9403,-92.3245,campus_north,100,2
04/20/2025,23:11:08,"GREEK TOWN, COLUMBIA MO, 65201",BURGLARY,BURGLARY,CLEARED BY ARREST,23,2025-04-20,4,6,2025,burglary,38.9395,-92.332,campus_south,100,4
04/21/2024,23:03:09,"TRULASKE BUSINESS, COLUMBIA MO, 65201",HARASSMENT,HARASSMENT,CLOSED,23,2024-04-21,4,6,2024,harassment,38.9398,-92.3271,campus_center,100,3
04/25/2025,07:29:49,"820 CONLEY AVE, COLUMBIA MO, 65201",DRUG - PARAPHERNALIA / EQUIPMENT,DRUG - PARAPHERNALIA / EQUIPMENT,CLOSED,7,2025-04-25,4,4,2025,drug,38.938,-92.325,campus_south,100,2
04/25/2025,08:08:39,"820 CONLEY AVE, COLUMBIA MO, 65201",LARCENY - THEFT FROM BUILDING,LARCENY - THEFT FROM BUILDING,ACTIVE,8,2025-04-25,4,4,2025,theft,38.938,-92.325,campus_south,100,2
04/26/2024,23:13:14,"MEMORIAL UNION, COLUMBIA MO, 65201",DRUG - PARAPHERNALIA / EQUIPMENT,DRUG - PARAPHERNALIA / EQUIPMENT,ACTIVE,23,2024-04-26,4,4,2024,drug,38.9404,-92.3277,campus_center,100,2
04/28/2025,17:25:25,"MEMORIAL UNION, COLUMBIA MO, 65201",DRUG - PARAPHERNALIA / EQUIPMENT,DRUG - PARAPHERNALIA / EQUIPMENT,EXCEPTIONALLY CLEARED,17,2025-04-28,4,0,2025,drug,38.9404,-92.3277,campus_center,100,2
04/30/2025,19:16:25,"GREEK TOWN, COLUMBIA MO, 65201",DRUG - PARAPHERNALIA / EQUIPMENT,DRUG - PARAPHERNALIA / EQUIPMENT,EXCEPTIONALLY CLEARED,19,2025-04-30,4,2,2025,drug,38.9395,-92.332,campus_south,100,2
05/01/2025,09:40:38,"1 HOSPITAL DR, COLUMBIA MO, 65201",LARCENY - THEFT FROM BUILDING,LARCENY - THEFT FROM BUILDING,ACTIVE,9,2025-05-01,5,3,2025,theft,38.9403,-92.3245,campus_north,100,2
05/02/2025,19:34:48,"TIGER PLAZA, COLUMBIA MO, 65201",ASSAULT-SIMPLE,ASSAULT-SIMPLE,EXCEPTIONALLY CLEARED,19,2025-05-02,5,4,2025,assault,38.943,-92.3275,campus_center,100,5
05/03/2025,22:33:59,"JESSE HALL, COLUMBIA MO, 65201",LARCENY - THEFT FROM BUILDING,LARCENY - THEFT FROM BUILDING,CLEARED BY ARREST,22,2025-05-03,5,5,2025,theft,38.9441,-92.3269,campus_center,100,2
05/04/2025,20:25:33,"3315 BERRYWOOD DR, COLUMBIA MO, 65201",LARCENY - OTHER,LARCENY - OTHER,ACTIVE,20,2025-05-04,5,6,2025,theft,38.929,-92.318,off_campus,100,2
05/05/2025,02:10:32,"HITT STREET, COLUMBIA MO, 65201",CRASH INVESTIGATION,CRASH INVESTIGATION,CLEARED BY ARREST,2,2025-05-05,5,0,2025,vehicle,38.9415,-92.328,campus_center,100,4
05/06/2024,23:31:55,"MIZZOU ARENA, COLUMBIA MO, 65201",PROPERTY DAMAGE,PROPERTY DAMAGE,ACTIVE,23,2024-05-06,5,0,2024,vandalism,38.9356,-92.3332,campus_south,100,1
05/06/2024,15:31:36,"PARKING LOT C2, COLUMBIA MO, 65201",LARCENY - THEFT FROM BUILDING,LARCENY - THEFT FROM BUILDING,CLEARED BY ARREST,15,2024-05-06,5,0,2024,theft,38.938,-92.335,campus_south,100,2
05/08/2024,20:14:26,"1199 E STADIUM BLVD, COLUMBIA MO, 65201",ASSAULT-SIMPLE,ASSAULT-SIMPLE,EXCEPTIONALLY CLEARED,20,2024-05-08,5,2,2024,assault,38.9355,-92.3306,campus_south,100,5
05/09/2024,17:38:14,"ENGINEERING BUILDING, COLUMBIA MO, 65201",BURGLARY,BURGLARY,EXCEPTIONALLY CLEARED,17,2024-05-09,5,3,2024,burglary,38.9438,-92.3256,campus_north,100,4
05/10/2024,03:30:09,"FAUROT FIELD, COLUMBIA MO, 65201",MOTOR VEHICLE THEFT,MOTOR VEHICLE THEFT,CLOSED,3,2024-05-10,5,4,2024,theft,38.9355,-92.3306,campus_south,100,2
05/11/2025,18:14:58,"ELLIS LIBRARY, COLUMBIA MO, 65201",MOTOR VEHICLE THEFT,MOTOR VEHICLE THEFT,ACTIVE,18,2025-05-11,5,6,2025,theft,38.9445,-92.3263,campus_north,100,2
05/12/2025,08:10:23,"3315 BERRYWOOD DR, COLUMBIA MO, 65201",DRUG - PARAPHERNALIA / EQUIPMENT,DRUG - PARAPHERNALIA / EQUIPMENT,EXCEPTIONALLY CLEARED,8,2025-05-12,5,0,2025,drug,38.929,-92.318,off_campus,100,2
05/13/2024,22:14:42,"MEMORIAL UNION, COLUMBIA MO, 65201",HARASSMENT,HARASSMENT,CLOSED,22,2024-05-13,5,0,2024,harassment,38.9404,-92.3277,campus_center,100,3
05/13/2025,23:03:14,"TRULASKE BUSINESS, COLUMBIA MO, 65201",CRASH INVESTIGATION,CRASH INVESTIGATION,CLOSED,23,2025-05-13,5,1,2025,vehicle,38.9398,-92.3271,campus_center,100,4
05/16/2025,03:11:09,"1133 ASHLAND RD, COLUMBIA MO, 65201",HARASSMENT,HARASSMENT,EXCEPTIONALLY CLEARED,3,2025-05-16,5,4,2025,harassment,38.951,-92.321,off_campus,100,3
05/17/2025,01:50:16,"1 HOSPITAL DR, COLUMBIA MO, 65201",HARASSMENT,HARASSMENT,CLEARED BY ARREST,1,2025-05-17,5,5,2025,harassment,38.9403,-92.3245,campus_north,100,3
05/21/2024,19:21:33,"STUDENT CENTER, COLUMBIA MO, 65201",HARASSMENT,HARASSMENT,ACTIVE,19,2024-05-21,5,1,2024,harassment,38.9423,-92.3268,campus_center,100,3
05/23/2024,10:55:16,"1199 E STADIUM BLVD, COLUMBIA MO, 65201",LARCENY - THEFT FROM BUILDING,LARCENY - THEFT FROM BUILDING,CLOSED,10,2024-05-23,5,3,2024,theft,38.9355,-92.3306,campus_south,100,2
05/23/2024,05:57:51,"1199 E STADIUM BLVD, COLUMBIA MO, 65201",BURGLARY,BURGLARY,CLEARED BY ARREST,5,2024-05-23,5,3,2024,burglary,38.9355,-92.3306,campus_south,100,4
05/24/2024,18:31:28,"1 HOSPITAL DR, COLUMBIA MO, 65201",ASSAULT-SIMPLE,ASSAULT-SIMPLE,EXCEPTIONALLY CLEARED,18,2024-05-24,5,4,2024,assault,38.9403,-92.3245,campus_north,100,5
05/26/2024,14:20:31,"820 CONLEY AVE, COLUMBIA MO, 65201",BURGLARY,BURGLARY,EXCEPTIONALLY CLEARED,14,2024-05-26,5,6,2024,burglary,38.938,-92.325,campus_south,100,4
05/27/2024,23:43:44,"TIGER PLAZA, COLUMBIA MO, 65201",DRUG - PARAPHERNALIA / EQUIPMENT,DRUG - PARAPHERNALIA / EQUIPMENT,CLOSED,23,2024-05-27,5,0,2024,drug,38.943,-92.3275,campus_center,100,2
05/28/2024,22:49:11,"PARKING LOT A1, COLUMBIA MO, 65201",LARCENY - THEFT FROM BUILDING,LARCENY - THEFT FROM BUILDING,ACTIVE,22,2024-05-28,5,1,2024,theft,38.945,-92.324,campus_north,100,2
05/29/2025,05:26:16,"TRULASKE BUSINESS, COLUMBIA MO, 65201",CRASH INVESTIGATION,CRASH INVESTIGATION,CLOSED,5,2025-05-29,5,3,2025,vehicle,38.9398,-92.3271,campus_center,100,4
05/30/2024,21:24:08,"GREEK TOWN, COLUMBIA MO, 65201",PROPERTY DAMAGE,PROPERTY DAMAGE,ACTIVE,21,2024-05-30,5,3,2024,vandalism,38.9395,-92.332,campus_south,100,1
06/02/2025,23:00:15,"812 N KEENE ST, COLUMBIA MO, 65201",BURGLARY,BURGLARY,CLOSED,23,2025-06-02,6,0,2025,burglary,38.952,-92.329,off_campus,100,4
06/05/2024,20:47:10,"HITT STREET, COLUMBIA MO, 65201",ASSAULT-SIMPLE,ASSAULT-SIMPLE,ACTIVE,20,2024-06-05,6,2,2024,assault,38.9415,-92.328,campus_center,100,5
06/05/2025,22:58:44,"ELLIS LIBRARY, COLUMBIA MO, 65201",LARCENY - OTHER,LARCENY - OTHER,CLOSED,22,2025-06-05,6,3,2025,theft,38.9445,-92.3263,campus_north,100,2
06/07/2024,11:49:50,"GREEK TOWN, COLUMBIA MO, 65201",LARCENY - THEFT FROM BUILDING,LARCENY - THEFT FROM BUILDING,ACTIVE,11,2024-06-07,6,4,2024,theft,38.9395,-92.332,campus_south,100,2
06/09/2024,01:50:50,"3315 BERRYWOOD DR, COLUMBIA MO, 65201",PROPERTY DAMAGE,PROPERTY DAMAGE,CLOSED,1,2024-06-09,6,6,2024,vandalism,38.929,-92.318,off_campus,100,1
06/09/2024,21:19:21,"TRULASKE BUSINESS, COLUMBIA MO, 65201",ASSAULT-SIMPLE,ASSAULT-SIMPLE,CLOSED,21,2024-06-09,6,6,2024,assault,38.9398,-92.3271,campus_center,100,5
06/09/2024,10:42:00,"3315 BERRYWOOD DR, COLUMBIA MO, 65201",ASSAULT-SIMPLE,ASSAULT-SIMPLE,CLEARED BY ARREST,10,2024-06-09,6,6,2024,assault,38.929,-92.318,off_campus,100,5
06/12/2024,23:07:41,"ELLIS LIBRARY, COLUMBIA MO, 65201",LARCENY - THEFT FROM BUILDING,LARCENY - THEFT FROM BUILDING,CLOSED,23,2024-06-12,6,2,2024,theft,38.9445,-92.3263,campus_north,100,2
06/12/2025,22:43:50,"1199 E STADIUM BLVD, COLUMBIA MO, 65201",CRASH INVESTIGATION,CRASH INVESTIGATION,EXCEPTIONALLY CLEARED,22,2025-06-12,6,3,2025,vehicle,38.9355,-92.3306,campus_south,100,4
06/14/2024,22:11:33,"TIGER PLAZA, COLUMBIA MO, 65201",LARCENY - THEFT FROM BUILDING,LARCENY - THEFT FROM BUILDING,CLEARED BY ARREST,22,2024-06-14,6,4,2024,theft,38.943,-92.3275,campus_center,100,2
06/16/2025,02:08:32,"MIZZOU ARENA, COLUMBIA MO, 65201",DRUG - PARAPHERNALIA / EQUIPMENT,DRUG - PARAPHERNALIA / EQUIPMENT,ACTIVE,2,2025-06-16,6,0,2025,drug,38.9356,-92.3332,campus_south,100,2
06/17/2025,18:29:10,"ELLIS LIBRARY, COLUMBIA MO, 65201",HARASSMENT,HARASSMENT,CLEARED BY ARREST,18,2025-06-17,6,1,2025,harassment,38.9445,-92.3263,campus_north,100,3
06/18/2025,21:56:01,"FAUROT FIELD, COLUMBIA MO, 65201",HARASSMENT,HARASSMENT,ACTIVE,21,2025-06-18,6,2,2025,harassment,38.9355,-92.3306,campus_south,100,3
06/20/2024,16:50:58,"FAUROT FIELD, COLUMBIA MO, 65201",HARASSMENT,HARASSMENT,CLOSED,16,2024-06-20,6,3,2024,harassment,38.9355,-92.3306,campus_south,100,3
06/20/2025,21:05:04,"HITT STREET, COLUMBIA MO, 65201",DRUG - PARAPHERNALIA / EQUIPMENT,DRUG - PARAPHERNALIA / EQUIPMENT,CLEARED BY ARREST,21,2025-06-20,6,4,2025,drug,38.9415,-92.328,campus_center,100,2
06/22/2025,08:57:37,"FAUROT FIELD, COLUMBIA MO, 65201",ASSAULT-SIMPLE,ASSAULT-SIMPLE,CLEARED BY ARREST,8,2025-06-22,6,6,2025,assault,38.9355,-92.3306,campus_south,100,5
06/22/2025,05:04:33,"1199 E STADIUM BLVD, COLUMBIA MO, 65201",CRASH INVESTIGATION,CRASH INVESTIGATION,ACTIVE,5,2025-06-22,6,6,2025,vehicle,38.9355,-92.3306,campus_south,100,4
06/25/2024,18:41:35,"1133 ASHLAND RD, COLUMBIA MO, 65201",VANDALISM,VANDALISM,CLOSED,18,2024-06-25,6,1,2024,vandalism,38.951,-92.321,off_campus,100,1
06/25/2024,12:24:47,"GREEK TOWN, COLUMBIA MO, 65201",LARCENY - THEFT FROM BUILDING,LARCENY - THEFT FROM BUILDING,CLEARED BY ARREST,12,2024-06-25,6,1,2024,theft,38.9395,-92.332,campus_south,100,2
06/25/2025,23:44:03,"1133 ASHLAND RD, COLUMBIA MO, 65201",PROPERTY DAMAGE,PROPERTY DAMAGE,EXCEPTIONALLY CLEARED,23,2025-06-25,6,2,2025,vandalism,38.951,-92.321,off_campus,100,1
06/26/2024,22:27:32,"PARKING LOT C2, COLUMBIA MO, 65201",VANDALISM,VANDALISM,CLEARED BY ARREST,22,2024-06-26,6,2,2024,vandalism,38.938,-92.335,campus_south,100,1
07/04/2024,14:25:16,"820 CONLEY AVE, COLUMBIA MO, 65201",HARASSMENT,HARASSMENT,ACTIVE,14,2024-07-04,7,3,2024,harassment,38.938,-92.325,campus_south,100,3
07/10/2024,22:41:43,"1 HOSPITAL DR, COLUMBIA MO, 65201",LARCENY - OTHER,LARCENY - OTHER,CLOSED,22,2024-07-10,7,2,2024,theft,38.9403,-92.3245,campus_north,100,2
07/11/2024,12:48:24,"PARKING LOT A1, COLUMBIA MO, 65201",HARASSMENT,HARASSMENT,CLOSED,12,2024-07-11,7,3,2024,harassment,38.945,-92.324,campus_north,100,3
07/11/2025,22:03:28,"PARKING LOT C2, COLUMBIA MO, 65201",CRASH INVESTIGATION,CRASH INVESTIGATION,CLOSED,22,2025-07-11,7,4,2025,vehicle,38.938,-92.335,campus_south,100,4
07/13/2025,19:58:43,"MEMORIAL UNION, COLUMBIA MO, 65201",ASSAULT-SIMPLE,ASSAULT-SIMPLE,EXCEPTIONALLY CLEARED,19,2025-07-13,7,6,2025,assault,38.9404,-92.3277,campus_center,100,5
07/15/2025,08:02:44,"MIZZOU ARENA, COLUMBIA MO, 65201",LARCENY - OTHER,LARCENY - OTHER,EXCEPTIONALLY CLEARED,8,2025-07-15,7,1,2025,theft,38.9356,-92.3332,campus_south,100,2
07/16/2024,01:24:59,"ELLIS LIBRARY, COLUMBIA MO, 65201",LARCENY - OTHER,LARCENY - OTHER,CLOSED,1,2024-07-16,7,1,2024,theft,38.9445,-92.3263,campus_north,100,2
07/18/2025,07:00:04,"PARKING LOT A1, COLUMBIA MO, 65201",VANDALISM,VANDALISM,CLOSED,7,2025-07-18,7,4,2025,vandalism,38.945,-92.324,campus_north,100,1
07/22/2025,03:09:15,"TRULASKE BUSINESS, COLUMBIA MO, 65201",BURGLARY,BURGLARY,CLEARED BY ARREST,3,2025-07-22,7,1,2025,burglary,38.9398,-92.3271,campus_center,100,4
07/30/2025,01:54:12,"1 HOSPITAL DR, COLUMBIA MO, 65201",LARCENY - OTHER,LARCENY - OTHER,CLEARED BY ARREST,1,2025-07-30,7,2,2025,theft,38.9403,-92.3245,campus_north,100,2
07/31/2024,12:30:54,"MEMORIAL UNION, COLUMBIA MO, 65201",LARCENY - OTHER,LARCENY - OTHER,CLOSED,12,2024-07-31,7,2,2024,theft,38.9404,-92.3277,campus_center,100,2
07/31/2025,23:21:59,"ENGINEERING BUILDING, COLUMBIA MO, 65201",HARASSMENT,HARASSMENT,ACTIVE,23,2025-07-31,7,3,2025,harassment,38.9438,-92.3256,campus_north,100,3
08/03/2025,16:29:30,"812 N KEENE ST, COLUMBIA MO, 65201",LARCENY - THEFT FROM BUILDING,LARCENY - THEFT FROM BUILDING,CLOSED,16,2025-08-03,8,6,2025,theft,38.952,-92.329,off_campus,100,2
08/03/2025,19:10:35,"820 CONLEY AVE, COLUMBIA MO, 65201",ASSAULT-SIMPLE,ASSAULT-SIMPLE,CLOSED,19,2025-08-03,8,6,2025,assault,38.938,-92.325,campus_south,100,5
08/05/2024,11:28:02,"3315 BERRYWOOD DR, COLUMBIA MO, 65201",PROPERTY DAMAGE,PROPERTY DAMAGE,CLEARED BY ARREST,11,2024-08-05,8,0,2024,vandalism,38.929,-92.318,off_campus,100,1
08/05/2025,20:24:38,"ENGINEERING BUILDING, COLUMBIA MO, 65201",VANDALISM,VANDALISM,CLOSED,20,2025-08-05,8,1,2025,vandalism,38.9438,-92.3256,campus_north,100,1
08/06/2024,18:02:36,"PARKING LOT A1, COLUMBIA MO, 65201",HARASSMENT,HARASSMENT,CLEARED BY ARREST,18,2024-08-06,8,1,2024,harassment,38.945,-92.324,campus_north,100,3
08/10/2024,20:16:43,"1133 ASHLAND RD, COLUMBIA MO, 65201",DRUG - PARAPHERNALIA / EQUIPMENT,DRUG - PARAPHERNALIA / EQUIPMENT,CLEARED BY ARREST,20,2024-08-10,8,5,2024,drug,38.951,-92.321,off_campus,100,2
08/10/2024,13:36:27,"MEMORIAL UNION, COLUMBIA MO, 65201",MOTOR VEHICLE THEFT,MOTOR VEHICLE THEFT,ACTIVE,13,2024-08-10,8,5,2024,theft,38.9404,-92.3277,campus_center,100,2
08/10/2025,20:41:35,"MEMORIAL UNION, COLUMBIA MO, 65201",CRASH INVESTIGATION,CRASH INVESTIGATION,ACTIVE,20,2025-08-10,8,6,2025,vehicle,38.9404,-92.3277,campus_center,100,4
08/10/2025,22:50:30,"REC CENTER, COLUMBIA MO, 65201",BURGLARY,BURGLARY,CLOSED,22,2025-08-10,8,6,2025,burglary,38.9389,-92.3301,campus_south,100,4
08/11/2025,17:29:13,"TRULASKE BUSINESS, COLUMBIA MO, 65201",BURGLARY,BURGLARY,CLOSED,17,2025-08-11,8,0,2025,burglary,38.9398,-92.3271,campus_center,100,4
08/11/2025,06:05:17,"812 N KEENE ST, COLUMBIA MO, 65201",ASSAULT-SIMPLE,ASSAULT-SIMPLE,CLEARED BY ARREST,6,2025-08-11,8,0,2025,assault,38.952,-92.329,off_campus,100,5
08/13/2024,20:32:47,"GREEK TOWN, COLUMBIA MO, 65201",ASSAULT-SIMPLE,ASSAULT-SIMPLE,CLOSED,20,2024-08-13,8,1,2024,assault,38.9395,-92.332,campus_south,100,5
08/14/2025,18:41:27,"PARKING LOT A1, COLUMBIA MO, 65201",ASSAULT-SIMPLE,ASSAULT-SIMPLE,CLEARED BY ARREST,18,2025-08-14,8,3,2025,assault,38.945,-92.324,campus_north,100,5
08/17/2025,19:03:29,"MEMORIAL UNION, COLUMBIA MO, 65201",DRUG - PARAPHERNALIA / EQUIPMENT,DRUG - PARAPHERNALIA / EQUIPMENT,ACTIVE,19,2025-08-17,8,6,2025,drug,38.9404,-92.3277,campus_center,100,2
08/18/2025,12:27:46,"PARKING LOT A1, COLUMBIA MO, 65201",BURGLARY,BURGLARY,ACTIVE,12,2025-08-18,8,0,2025,burglary,38.945,-92.324,campus_north,100,4
08/20/2024,22:13:30,"GREEK TOWN, COLUMBIA MO, 65201",HARASSMENT,HARASSMENT,CLEARED BY ARREST,22,2024-08-20,8,1,2024,harassment,38.9395,-92.332,campus_south,100,3
08/20/2025,12:14:20,"ELLIS LIBRARY, COLUMBIA MO, 65201",VANDALISM,VANDALISM,CLOSED,12,2025-08-20,8,2,2025,vandalism,38.9445,-92.3263,campus_north,100,1
08/21/2024,16:16:37,"812 N KEENE ST, COLUMBIA MO, 65201",HARASSMENT,HARASSMENT,EXCEPTIONALLY CLEARED,16,2024-08-21,8,2,2024,harassment,38.952,-92.329,off_campus,100,3
08/22/2025,17:46:11,"FAUROT FIELD, COLUMBIA MO, 65201",HARASSMENT,HARASSMENT,EXCEPTIONALLY CLEARED,17,2025-08-22,8,4,2025,harassment,38.9355,-92.3306,campus_south,100,3
08/24/2025,16:28:53,"FAUROT FIELD, COLUMBIA MO, 65201",DRUG - PARAPHERNALIA / EQUIPMENT,DRUG - PARAPHERNALIA / EQUIPMENT,ACTIVE,16,2025-08-24,8,6,2025,drug,38.9355,-92.3306,campus_south,100,2
08/25/2025,13:00:47,"812 N KEENE ST, COLUMBIA MO, 65201",DRUG - PARAPHERNALIA / EQUIPMENT,DRUG - PARAPHERNALIA / EQUIPMENT,EXCEPTIONALLY CLEARED,13,2025-08-25,8,0,2025,drug,38.952,-92.329,off_campus,100,2
08/28/2024,19:46:39,"TIGER PLAZA, COLUMBIA MO, 65201",PROPERTY DAMAGE,PROPERTY DAMAGE,EXCEPTIONALLY CLEARED,19,2024-08-28,8,2,2024,vandalism,38.943,-92.3275,campus_center,100,1
08/28/2025,18:24:16,"HITT STREET, COLUMBIA MO, 65201",LARCENY - THEFT FROM BUILDING,LARCENY - THEFT FROM BUILDING,CLEARED BY ARREST,18,2025-08-28,8,3,2025,theft,38.9415,-92.328,campus_center,100,2
08/30/2024,17:09:02,"PARKING LOT C2, COLUMBIA MO, 65201",VANDALISM,VANDALISM,CLOSED,17,2024-08-30,8,4,2024,vandalism,38.938,-92.335,campus_south,100,1
08/30/2025,23:09:42,"FAUROT FIELD, COLUMBIA MO, 65201",LARCENY - OTHER,LARCENY - OTHER,CLOSED,23,2025-08-30,8,5,2025,theft,38.9355,-92.3306,campus_south,100,2
08/31/2024,23:36:35,"FAUROT FIELD, COLUMBIA MO, 65201",ASSAULT-SIMPLE,ASSAULT-SIMPLE,EXCEPTIONALLY CLEARED,23,2024-08-31,8,5,2024,assault,38.9355,-92.3306,campus_south,100,5
08/31/2025,20:56:52,"PARKING LOT A1, COLUMBIA MO, 65201",CRASH INVESTIGATION,CRASH INVESTIGATION,EXCEPTIONALLY CLEARED,20,2025-08-31,8,6,2025,vehicle,38.945,-92.324,campus_north,100,4
09/01/2024,07:29:42,"3315 BERRYWOOD DR, COLUMBIA MO, 65201",LARCENY - THEFT FROM BUILDING,LARCENY - THEFT FROM BUILDING,ACTIVE,7,2024-09-01,9,6,2024,theft,38.929,-92.318,off_campus,100,2
09/02/2025,12:20:47,"STUDENT CENTER, COLUMBIA MO, 65201",PROPERTY DAMAGE,PROPERTY DAMAGE,CLEARED BY ARREST,12,2025-09-02,9,1,2025,vandalism,38.9423,-92.3268,campus_center,100,1
09/04/2024,12:29:16,"MIZZOU ARENA, COLUMBIA MO, 65201",LARCENY - THEFT FROM BUILDING,LARCENY - THEFT FROM BUILDING,EXCEPTIONALLY CLEARED,12,2024-09-04,9,2,2024,theft,38.9356,-92.3332,campus_south,100,2
09/04/2024,14:59:44,"HITT STREET, COLUMBIA MO, 65201",VANDALISM,VANDALISM,ACTIVE,14,2024-09-04,9,2,2024,vandalism,38.9415,-92.328,campus_center,100,1
09/07/2024,04:36:31,"820 CONLEY AVE, COLUMBIA MO, 65201",LARCENY - THEFT FROM BUILDING,LARCENY - THEFT FROM BUILDING,CLEARED BY ARREST,4,2024-09-07,9,5,2024,theft,38.938,-92.325,campus_south,100,2
09/07/2025,08:56:23,"PARKING LOT A1, COLUMBIA MO, 65201",PROPERTY DAMAGE,PROPERTY DAMAGE,CLEARED BY ARREST,8,2025-09-07,9,6,2025,vandalism,38.945,-92.324,campus_north,100,1
09/09/2024,19:03:00,"MEMORIAL UNION, COLUMBIA MO, 65201",HARASSMENT,HARASSMENT,CLEARED BY ARREST,19,2024-09-09,9,0,2024,harassment,38.9404,-92.3277,campus_center,100,3
09/12/2024,21:11:46,"GREEK TOWN, COLUMBIA MO, 65201",LARCENY - THEFT FROM BUILDING,LARCENY - THEFT FROM BUILDING,EXCEPTIONALLY CLEARED,21,2024-09-12,9,3,2024,theft,38.9395,-92.332,campus_south,100,2
09/12/2024,13:26:56,"PARKING LOT C2, COLUMBIA MO, 65201",PROPERTY DAMAGE,PROPERTY DAMAGE,ACTIVE,13,2024-09-12,9,3,2024,vandalism,38.938,-92.335,campus_south,100,1
09/12/2025,21:49:01,"TRULASKE BUSINESS, COLUMBIA MO, 65201",CRASH INVESTIGATION,CRASH INVESTIGATION,CLOSED,21,2025-09-12,9,4,2025,vehicle,38.9398,-92.3271,campus_center,100,4
09/13/2024,16:14:37,"812 N KEENE ST, COLUMBIA MO, 65201",HARASSMENT,HARASSMENT,EXCEPTIONALLY CLEARED,16,2024-09-13,9,4,2024,harassment,38.952,-92.329,off_campus,100,3
09/14/2024,23:54:46,"812 N KEENE ST, COLUMBIA MO, 65201",HARASSMENT,HARASSMENT,EXCEPTIONALLY CLEARED,23,2024-09-14,9,5,2024,harassment,38.952,-92.329,off_campus,100,3
09/16/2024,11:29:34,"812 N KEENE ST, COLUMBIA MO, 65201",DRUG - PARAPHERNALIA / EQUIPMENT,DRUG - PARAPHERNALIA / EQUIPMENT,ACTIVE,11,2024-09-16,9,0,2024,drug,38.952,-92.329,off_campus,100,2
09/17/2025,16:36:05,"1199 E STADIUM BLVD, COLUMBIA MO, 65201",PROPERTY DAMAGE,PROPERTY DAMAGE,CLEARED BY ARREST,16,2025-09-17,9,2,2025,vandalism,38.9355,-92.3306,campus_south,100,1
09/18/2024,19:28:37,"820 CONLEY AVE, COLUMBIA MO, 65201",VANDALISM,VANDALISM,ACTIVE,19,2024-09-18,9,2,2024,vandalism,38.938,-92.325,campus_south,100,1
09/21/2024,15:14:58,"ELLIS LIBRARY, COLUMBIA MO, 65201",CRASH INVESTIGATION,CRASH INVESTIGATION,EXCEPTIONALLY CLEARED,15,2024-09-21,9,5,2024,vehicle,38.9445,-92.3263,campus_north,100,4
09/23/2024,13:08:37,"1199 E STADIUM BLVD, COLUMBIA MO, 65201",VANDALISM,VANDALISM,EXCEPTIONALLY CLEARED,13,2024-09-23,9,0,2024,vandalism,38.9355,-92.3306,campus_south,100,1
09/23/2024,16:52:55,"1199 E STADIUM BLVD, COLUMBIA MO, 65201",VANDALISM,VANDALISM,EXCEPTIONALLY CLEARED,16,2024-09-23,9,0,2024,vandalism,38.9355,-92.3306,campus_south,100,1
09/24/2025,18:36:59,"PARKING LOT C2, COLUMBIA MO, 65201",DRUG - PARAPHERNALIA / EQUIPMENT,DRUG - PARAPHERNALIA / EQUIPMENT,ACTIVE,18,2025-09-24,9,2,2025,drug,38.938,-92.335,campus_south,100,2
09/24/2025,23:01:06,"1199 E STADIUM BLVD, COLUMBIA MO, 65201",LARCENY - OTHER,LARCENY - OTHER,CLEARED BY ARREST,23,2025-09-24,9,2,2025,theft,38.9355,-92.3306,campus_south,100,2
09/26/2024,19:50:32,"1199 E STADIUM BLVD, COLUMBIA MO, 65201",HARASSMENT,HARASSMENT,CLEARED BY ARREST,19,2024-09-26,9,3,2024,harassment,38.9355,-92.3306,campus_south,100,3
09/30/2024,01:36:35,"1133 ASHLAND RD, COLUMBIA MO, 65201",HARASSMENT,HARASSMENT,CLOSED,1,2024-09-30,9,0,2024,harassment,38.951,-92.321,off_campus,100,3
09/30/2025,22:04:44,"TIGER PLAZA, COLUMBIA MO, 65201",PROPERTY DAMAGE,PROPERTY DAMAGE,EXCEPTIONALLY CLEARED,22,2025-09-30,9,1,2025,vandalism,38.943,-92.3275,campus_center,100,1
10/01/2024,19:02:36,"MEMORIAL UNION, COLUMBIA MO, 65201",ASSAULT-SIMPLE,ASSAULT-SIMPLE,ACTIVE,19,2024-10-01,10,1,2024,assault,38.9404,-92.3277,campus_center,100,5
10/01/2025,19:32:04,"3315 BERRYWOOD DR, COLUMBIA MO, 65201",ASSAULT-SIMPLE,ASSAULT-SIMPLE,CLEARED BY ARREST,19,2025-10-01,10,2,2025,assault,38.929,-92.318,off_campus,100,5
10/02/2025,17:55:02,"1 HOSPITAL DR, COLUMBIA MO, 65201",VANDALISM,VANDALISM,ACTIVE,17,2025-10-02,10,3,2025,vandalism,38.9403,-92.3245,campus_north,100,1
10/02/2025,20:10:47,"ELLIS LIBRARY, COLUMBIA MO, 65201",LARCENY - THEFT FROM BUILDING,LARCENY - THEFT FROM BUILDING,EXCEPTIONALLY CLEARED,20,2025-10-02,10,3,2025,theft,38.9445,-92.3263,campus_north,100,2
10/02/2025,03:00:20,"1133 ASHLAND RD, COLUMBIA MO, 65201",BURGLARY,BURGLARY,EXCEPTIONALLY CLEARED,3,2025-10-02,10,3,2025,burglary,38.951,-92.321,off_campus,100,4
10/03/2024,15:28:41,"1 HOSPITAL DR, COLUMBIA MO, 65201",BURGLARY,BURGLARY,CLOSED,15,2024-10-03,10,3,2024,burglary,38.9403,-92.3245,campus_north,100,4
10/04/2024,04:25:15,"812 N KEENE ST, COLUMBIA MO, 65201",ASSAULT-SIMPLE,ASSAULT-SIMPLE,CLOSED,4,2024-10-04,10,4,2024,assault,38.952,-92.329,off_campus,100,5
10/05/2025,23:45:35,"820 CONLEY AVE, COLUMBIA MO, 65201",CRASH INVESTIGATION,CRASH INVESTIGATION,CLEARED BY ARREST,23,2025-10-05,10,6,2025,vehicle,38.938,-92.325,campus_south,100,4
10/05/2025,23:02:00,"GREEK TOWN, COLUMBIA MO, 65201",DRUG - PARAPHERNALIA / EQUIPMENT,DRUG - PARAPHERNALIA / EQUIPMENT,CLEARED BY ARREST,23,2025-10-05,10,6,2025,drug,38.9395,-92.332,campus_south,100,2
10/06/2024,18:23:14,"REC CENTER, COLUMBIA MO, 65201",BURGLARY,BURGLARY,CLEARED BY ARREST,18,2024-10-06,10,6,2024,burglary,38.9389,-92.3301,campus_south,100,4
10/08/2025,12:38:50,"1133 ASHLAND RD, COLUMBIA MO, 65201",CRASH INVESTIGATION,CRASH INVESTIGATION,CLEARED BY ARREST,12,2025-10-08,10,2,2025,vehicle,38.951,-92.321,off_campus,100,4
10/09/2024,03:39:20,"HITT STREET, COLUMBIA MO, 65201",LARCENY - OTHER,LARCENY - OTHER,ACTIVE,3,2024-10-09,10,2,2024,theft,38.9415,-92.328,campus_center,100,2
10/13/2024,19:33:52,"MIZZOU ARENA, COLUMBIA MO, 65201",ASSAULT-SIMPLE,ASSAULT-SIMPLE,CLOSED,19,2024-10-13,10,6,2024,assault,38.9356,-92.3332,campus_south,100,5
10/16/2024,00:07:26,"812 N KEENE ST, COLUMBIA MO, 65201",VANDALISM,VANDALISM,ACTIVE,0,2024-10-16,10,2,2024,vandalism,38.952,-92.329,off_campus,100,1
10/26/2025,17:22:28,"HITT STREET, COLUMBIA MO, 65201",LARCENY - OTHER,LARCENY - OTHER,EXCEPTIONALLY CLEARED,17,2025-10-26,10,6,2025,theft,38.9415,-92.328,campus_center,100,2
10/26/2025,12:20:04,"REC CENTER, COLUMBIA MO, 65201",LARCENY - OTHER,LARCENY - OTHER,ACTIVE,12,2025-10-26,10,6,2025,theft,38.9389,-92.3301,campus_south,100,2
10/27/2025,21:53:37,"PARKING LOT C2, COLUMBIA MO, 65201",PROPERTY DAMAGE,PROPERTY DAMAGE,EXCEPTIONALLY CLEARED,21,2025-10-27,10,0,2025,vandalism,38.938,-92.335,campus_south,100,1
10/28/2024,17:26:07,"TRULASKE BUSINESS, COLUMBIA MO, 65201",VANDALISM,VANDALISM,ACTIVE,17,2024-10-28,10,0,2024,vandalism,38.9398,-92.3271,campus_center,100,1
10/29/2024,22:46:56,"MEMORIAL UNION, COLUMBIA MO, 65201",MOTOR VEHICLE THEFT,MOTOR VEHICLE THEFT,EXCEPTIONALLY CLEARED,22,2024-10-29,10,1,2024,theft,38.9404,-92.3277,campus_center,100,2
10/30/2024,12:25:43,"TRULASKE BUSINESS, COLUMBIA MO, 65201",VANDALISM,VANDALISM,ACTIVE,12,2024-10-30,10,2,2024,vandalism,38.9398,-92.3271,campus_center,100,1
10/30/2025,10:43:25,"3315 BERRYWOOD DR, COLUMBIA MO, 65201",CRASH INVESTIGATION,CRASH INVESTIGATION,CLEARED BY ARREST,10,2025-10-30,10,3,2025,vehicle,38.929,-92.318,off_campus,100,4
11/01/2024,14:58:58,"TRULASKE BUSINESS, COLUMBIA MO, 65201",LARCENY - THEFT FROM BUILDING,LARCENY - THEFT FROM BUILDING,CLOSED,14,2024-11-01,11,4,2024,theft,38.9398,-92.3271,campus_center,100,2
11/01/2025,18:39:00,"JESSE HALL, COLUMBIA MO, 65201",VANDALISM,VANDALISM,CLEARED BY ARREST,18,2025-11-01,11,5,2025,vandalism,38.9441,-92.3269,campus_center,100,1
11/02/2025,11:00:46,"TIGER PLAZA, COLUMBIA MO, 65201",LARCENY - OTHER,LARCENY - OTHER,ACTIVE,11,2025-11-02,11,6,2025,theft,38.943,-92.3275,campus_center,100,2
11/09/2024,15:10:09,"1133 ASHLAND RD, COLUMBIA MO, 65201",HARASSMENT,HARASSMENT,CLOSED,15,2024-11-09,11,5,2024,harassment,38.951,-92.321,off_campus,100,3
11/14/2025,12:08:49,"1199 E STADIUM BLVD, COLUMBIA MO, 65201",MOTOR VEHICLE THEFT,MOTOR VEHICLE THEFT,ACTIVE,12,2025-11-14,11,4,2025,theft,38.9355,-92.3306,campus_south,100,2
11/15/2024,19:41:38,"ELLIS LIBRARY, COLUMBIA MO, 65201",MOTOR VEHICLE THEFT,MOTOR VEHICLE THEFT,EXCEPTIONALLY CLEARED,19,2024-11-15,11,4,2024,theft,38.9445,-92.3263,campus_north,100,2
11/15/2024,17:36:22,"REC CENTER, COLUMBIA MO, 65201",MOTOR VEHICLE THEFT,MOTOR VEHICLE THEFT,CLOSED,17,2024-11-15,11,4,2024,theft,38.9389,-92.3301,campus_south,100,2
11/15/2024,13:46:19,"1 HOSPITAL DR, COLUMBIA MO, 65201",ASSAULT-SIMPLE,ASSAULT-SIMPLE,EXCEPTIONALLY CLEARED,13,2024-11-15,11,4,2024,assault,38.9403,-92.3245,campus_north,100,5
11/16/2025,21:35:12,"FAUROT FIELD, COLUMBIA MO, 65201",BURGLARY,BURGLARY,CLOSED,21,2025-11-16,11,6,2025,burglary,38.9355,-92.3306,campus_south,100,4
11/20/2025,14:02:58,"1133 ASHLAND RD, COLUMBIA MO, 65201",LARCENY - THEFT FROM BUILDING,LARCENY - THEFT FROM BUILDING,CLEARED BY ARREST,14,2025-11-20,11,3,2025,theft,38.951,-92.321,off_campus,100,2
11/21/2024,21:31:50,"820 CONLEY AVE, COLUMBIA MO, 65201",CRASH INVESTIGATION,CRASH INVESTIGATION,CLEARED BY ARREST,21,2024-11-21,11,3,2024,vehicle,38.938,-92.325,campus_south,100,4
11/22/2025,21:36:53,"STUDENT CENTER, COLUMBIA MO, 65201",CRASH INVESTIGATION,CRASH INVESTIGATION,ACTIVE,21,2025-11-22,11,5,2025,vehicle,38.9423,-92.3268,campus_center,100,4
11/24/2025,09:30:10,"TIGER PLAZA, COLUMBIA MO, 65201",CRASH INVESTIGATION,CRASH INVESTIGATION,EXCEPTIONALLY CLEARED,9,2025-11-24,11,0,2025,vehicle,38.943,-92.3275,campus_center,100,4
11/25/2025,20:52:01,"PARKING LOT A1, COLUMBIA MO, 65201",HARASSMENT,HARASSMENT,CLOSED,20,2025-11-25,11,1,2025,harassment,38.945,-92.324,campus_north,100,3
11/26/2024,12:25:53,"FAUROT FIELD, COLUMBIA MO, 65201",PROPERTY DAMAGE,PROPERTY DAMAGE,EXCEPTIONALLY CLEARED,12,2024-11-26,11,1,2024,vandalism,38.9355,-92.3306,campus_south,100,1
11/28/2025,23:16:39,"PARKING LOT C2, COLUMBIA MO, 65201",LARCENY - OTHER,LARCENY - OTHER,CLEARED BY ARREST,23,2025-11-28,11,4,2025,theft,38.938,-92.335,campus_south,100,2
12/03/2025,15:29:38,"3315 BERRYWOOD DR, COLUMBIA MO, 65201",LARCENY - OTHER,LARCENY - OTHER,CLOSED,15,2025-12-03,12,2,2025,theft,38.929,-92.318,off_campus,100,2
12/04/2025,12:18:47,"3315 BERRYWOOD DR, COLUMBIA MO, 65201",ASSAULT-SIMPLE,ASSAULT-SIMPLE,ACTIVE,12,2025-12-04,12,3,2025,assault,38.929,-92.318,off_campus,100,5
12/05/2024,10:26:45,"MIZZOU ARENA, COLUMBIA MO, 65201",LARCENY - OTHER,LARCENY - OTHER,CLEARED BY ARREST,10,2024-12-05,12,3,2024,theft,38.9356,-92.3332,campus_south,100,2
12/06/2025,20:32:50,"PARKING LOT A1, COLUMBIA MO, 65201",DRUG - PARAPHERNALIA / EQUIPMENT,DRUG - PARAPHERNALIA / EQUIPMENT,CLEARED BY ARREST,20,2025-12-06,12,5,2025,drug,38.945,-92.324,campus_north,100,2
12/08/2024,09:02:46,"GREEK TOWN, COLUMBIA MO, 65201",BURGLARY,BURGLARY,CLEARED BY ARREST,9,2024-12-08,12,6,2024,burglary,38.9395,-92.332,campus_south,100,4
12/08/2025,21:18:16,"GREEK TOWN, COLUMBIA MO, 65201",DRUG - PARAPHERNALIA / EQUIPMENT,DRUG - PARAPHERNALIA / EQUIPMENT,ACTIVE,21,2025-12-08,12,0,2025,drug,38.9395,-92.332,campus_south,100,2
12/11/2024,23:36:56,"1133 ASHLAND RD, COLUMBIA MO, 65201",LARCENY - THEFT FROM BUILDING,LARCENY - THEFT FROM BUILDING,CLOSED,23,2024-12-11,12,2,2024,theft,38.951,-92.321,off_campus,100,2
12/12/2024,19:27:36,"3315 BERRYWOOD DR, COLUMBIA MO, 65201",VANDALISM,VANDALISM,EXCEPTIONALLY CLEARED,19,2024-12-12,12,3,2024,vandalism,38.929,-92.318,off_campus,100,1
12/13/2025,22:53:42,"820 CONLEY AVE, COLUMBIA MO, 65201",DRUG - PARAPHERNALIA / EQUIPMENT,DRUG - PARAPHERNALIA / EQUIPMENT,EXCEPTIONALLY CLEARED,22,2025-12-13,12,5,2025,drug,38.938,-92.325,campus_south,100,2
12/17/2025,08:31:46,"1199 E STADIUM BLVD, COLUMBIA MO, 65201",CRASH INVESTIGATION,CRASH INVESTIGATION,CLEARED BY ARREST,8,2025-12-17,12,2,2025,vehicle,38.9355,-92.3306,campus_south,100,4
12/19/2024,10:24:41,"1 HOSPITAL DR, COLUMBIA MO, 65201",CRASH INVESTIGATION,CRASH INVESTIGATION,EXCEPTIONALLY CLEARED,10,2024-12-19,12,3,2024,vehicle,38.9403,-92.3245,campus_north,100,4
12/19/2025,09:58:22,"MIZZOU ARENA, COLUMBIA MO, 65201",LARCENY - OTHER,LARCENY - OTHER,CLEARED BY ARREST,9,2025-12-19,12,4,2025,theft,38.9356,-92.3332,campus_south,100,2
12/20/2025,18:19:57,"REC CENTER, COLUMBIA MO, 65201",LARCENY - THEFT FROM BUILDING,LARCENY - THEFT FROM BUILDING,CLEARED BY ARREST,18,2025-12-20,12,5,2025,theft,38.9389,-92.3301,campus_south,100,2
12/21/2025,18:16:23,"1 HOSPITAL DR, COLUMBIA MO, 65201",ASSAULT-SIMPLE,ASSAULT-SIMPLE,CLOSED,18,2025-12-21,12,6,2025,assault,38.9403,-92.3245,campus_north,100,5
12/21/2025,17:04:22,"PARKING LOT A1, COLUMBIA MO, 65201",MOTOR VEHICLE THEFT,MOTOR VEHICLE THEFT,CLOSED,17,2025-12-21,12,6,2025,theft,38.945,-92.324,campus_north,100,2
12/22/2024,14:06:09,"1199 E STADIUM BLVD, COLUMBIA MO, 65201",VANDALISM,VANDALISM,CLEARED BY ARREST,14,2024-12-22,12,6,2024,vandalism,38.9355,-92.3306,campus_south,100,1
12/27/2025,18:07:04,"PARKING LOT A1, COLUMBIA MO, 65201",PROPERTY DAMAGE,PROPERTY DAMAGE,ACTIVE,18,2025-12-27,12,5,2025,vandalism,38.945,-92.324,campus_north,100,1
12/28/2024,03:14:39,"812 N KEENE ST, COLUMBIA MO, 65201",VANDALISM,VANDALISM,CLEARED BY ARREST,3,2024-12-28,12,5,2024,vandalism,38.952,-92.329,off_campus,100,1
12/28/2025,15:27:04,"GREEK TOWN, COLUMBIA MO, 65201",LARCENY - THEFT FROM BUILDING,LARCENY - THEFT FROM BUILDING,CLOSED,15,2025-12-28,12,6,2025,theft,38.9395,-92.332,campus_south,100,2
12/31/2025,20:00:46,"MIZZOU ARENA, COLUMBIA MO, 65201",DRUG - PARAPHERNALIA / EQUIPMENT,DRUG - PARAPHERNALIA / EQUIPMENT,CLEARED BY ARREST,20,2025-12-31,12,2,2025,drug,38.9356,-92.3332,campus_south,100,2
